https://jobboersencheck.de/jobboersen/stepstone-de/detailbewertung;stepstone;2304;5,31;920,00 €;https://jobboersencheck.de/jobboersen-vergleich?page=1
https://jobboersencheck.de/jobboersen/yourfirm-de/detailbewertung;yourfirm;1252;5,94;790,00 €;https://jobboersencheck.de/jobboersen-vergleich?page=1
https://jobboersencheck.de/jobboersen/arbeitsagentur-de/detailbewertung;arbeitsagentur;1091;4,19;;https://jobboersencheck.de/jobboersen-vergleich?page=1
https://jobboersencheck.de/jobboersen/xing-com/detailbewertung;;944;4,67;;https://jobboersencheck.de/jobboersen-vergleich?page=1
https://jobboersencheck.de/jobboersen/jobware-de/detailbewertung;jobware;917;5,80;1.095,00 €;https://jobboersencheck.de/jobboersen-vergleich?page=1
https://jobboersencheck.de/jobboersen/monster-de/detailbewertung;monster;796;4,37;795,00 €894,00 €;https://jobboersencheck.de/jobboersen-vergleich?page=1
https://jobboersencheck.de/jobboersen/indeed-de/detailbewertung;indeed;758;4,88;;https://jobboersencheck.de/jobboersen-vergleich?page=1
https://jobboersencheck.de/jobboersen/stellenanzeigen-de/detailbewertung;stellenanzeigen.de;668;5,35;900,00 €;https://jobboersencheck.de/jobboersen-vergleich?page=1
https://jobboersencheck.de/jobboersen/meinestadt-de/detailbewertung;meinestadt.de;475;4,83;;https://jobboersencheck.de/jobboersen-vergleich?page=1
https://jobboersencheck.de/jobboersen/linkedin-com/detailbewertung;;280;4,48;;https://jobboersencheck.de/jobboersen-vergleich?page=1
https://jobboersencheck.de/jobboersen/absolventa-de/detailbewertung;absolventa;260;5,40;795,00 €;https://jobboersencheck.de/jobboersen-vergleich?page=2
https://jobboersencheck.de/jobboersen/experteer-de/detailbewertung;experteer;254;5,16;695,00 €795,00 €;https://jobboersencheck.de/jobboersen-vergleich?page=2
https://jobboersencheck.de/jobboersen/azubiyo-de/detailbewertung;azubiyo;245;6,06;;https://jobboersencheck.de/jobboersen-vergleich?page=2
https://jobboersencheck.de/jobboersen/hotelcareer-de/detailbewertung;hotelcareer;231;5,39;265,00 €;https://jobboersencheck.de/jobboersen-vergleich?page=2
https://jobboersencheck.de/jobboersen/regio-jobanzeiger-de/detailbewertung;regio-jobanzeiger;230;6,03;595,00 €;https://jobboersencheck.de/jobboersen-vergleich?page=2
https://jobboersencheck.de/jobboersen/psychjob-eu/detailbewertung;psychjob;221;5,69;299,00 €;https://jobboersencheck.de/jobboersen-vergleich?page=2
https://jobboersencheck.de/jobboersen/jobvector-de/detailbewertung;jobvector;214;6,19;699,00 €;https://jobboersencheck.de/jobboersen-vergleich?page=2
https://jobboersencheck.de/jobboersen/aubi-plus-de/detailbewertung;aubi-plus;213;5,89;390,00 €;https://jobboersencheck.de/jobboersen-vergleich?page=2
https://jobboersencheck.de/jobboersen/hogapage-de/detailbewertung;hogapage;165;5,90;134,10 €149,00 €;https://jobboersencheck.de/jobboersen-vergleich?page=2
https://jobboersencheck.de/jobboersen/kalaydo-de/detailbewertung;kalaydo;145;5,52;690,00 €;https://jobboersencheck.de/jobboersen-vergleich?page=2
https://jobboersencheck.de/jobboersen/jobboerse-de/detailbewertung;jobbörse.de;140;4,58;80,00 €90,00 €;https://jobboersencheck.de/jobboersen-vergleich?page=3
https://jobboersencheck.de/jobboersen/careerbuilder-de-jobs-de-jobscout24-de/detailbewertung;careerbuilder, jobs, jobscout24;132;4,43;595,00 €695,00 €;https://jobboersencheck.de/jobboersen-vergleich?page=3
https://jobboersencheck.de/jobboersen/facebook-com/detailbewertung;;121;4,11;;https://jobboersencheck.de/jobboersen-vergleich?page=3
https://jobboersencheck.de/jobboersen/ausbildung-de/detailbewertung;ausbildung.de;117;5,57;;https://jobboersencheck.de/jobboersen-vergleich?page=3
https://jobboersencheck.de/jobboersen/karriere-suedwestfalen-de/detailbewertung;Karriere Südwestfalen;116;6,46;;https://jobboersencheck.de/jobboersen-vergleich?page=3
https://jobboersencheck.de/jobboersen/jobcluster-de/detailbewertung;jobcluster;110;6,15;350,00 €420,00 €;https://jobboersencheck.de/jobboersen-vergleich?page=3
https://jobboersencheck.de/jobboersen/gigajob-de/detailbewertung;;102;5,19;;https://jobboersencheck.de/jobboersen-vergleich?page=3
https://jobboersencheck.de/jobboersen/stellenmarkt-de/detailbewertung;;101;3,79;;https://jobboersencheck.de/jobboersen-vergleich?page=3
https://jobboersencheck.de/jobboersen/empfehlungsbund-de/detailbewertung;empfehlungsbund;95;6,26;;https://jobboersencheck.de/jobboersen-vergleich?page=3
https://jobboersencheck.de/jobboersen/ebay-kleinanzeigen-de/detailbewertung;;95;4,34;;https://jobboersencheck.de/jobboersen-vergleich?page=3
https://jobboersencheck.de/jobboersen/medi-jobs-de/detailbewertung;medi-jobs;93;5,98;199,00 €;https://jobboersencheck.de/jobboersen-vergleich?page=4
https://jobboersencheck.de/jobboersen/jobstairs-de/detailbewertung;jobstairs;88;5,51;;https://jobboersencheck.de/jobboersen-vergleich?page=4
https://jobboersencheck.de/jobboersen/mta-portal-de/detailbewertung;mta-portal;87;5,56;405,00 €450,00 €;https://jobboersencheck.de/jobboersen-vergleich?page=4
https://jobboersencheck.de/jobboersen/kimeta-de/detailbewertung;kimeta;87;4,82;;https://jobboersencheck.de/jobboersen-vergleich?page=4
https://jobboersencheck.de/jobboersen/dasauge-de/detailbewertung;;81;5,12;;https://jobboersencheck.de/jobboersen-vergleich?page=4
https://jobboersencheck.de/jobboersen/stellenonline-de/detailbewertung;stellenonline;76;5,55;125,00 €;https://jobboersencheck.de/jobboersen-vergleich?page=4
https://jobboersencheck.de/jobboersen/foodjobs-de/detailbewertung;;75;6,07;;https://jobboersencheck.de/jobboersen-vergleich?page=4
https://jobboersencheck.de/jobboersen/gastrojobs-de/detailbewertung;gastrojobs;72;5,32;265,00 €;https://jobboersencheck.de/jobboersen-vergleich?page=4
https://jobboersencheck.de/jobboersen/academics-de/detailbewertung;;64;5,38;;https://jobboersencheck.de/jobboersen-vergleich?page=4
https://jobboersencheck.de/jobboersen/greenjobs-de/detailbewertung;greenjobs;63;5,87;98,00 €;https://jobboersencheck.de/jobboersen-vergleich?page=4
https://jobboersencheck.de/jobboersen/placement24-com/detailbewertung;;62;3,45;;https://jobboersencheck.de/jobboersen-vergleich?page=5
https://jobboersencheck.de/jobboersen/staufenbiel-de-2/detailbewertung;;61;5,03;;https://jobboersencheck.de/jobboersen-vergleich?page=5
https://jobboersencheck.de/jobboersen/stellenmarkt-faz-net/detailbewertung;;59;4,59;;https://jobboersencheck.de/jobboersen-vergleich?page=5
https://jobboersencheck.de/jobboersen/ingenieur-de/detailbewertung;ingenieur.de;59;4,41;995,00 €;https://jobboersencheck.de/jobboersen-vergleich?page=5
https://jobboersencheck.de/jobboersen/berufsstart-de/detailbewertung;;58;4,50;;https://jobboersencheck.de/jobboersen-vergleich?page=5
https://jobboersencheck.de/jobboersen/unicum-de/detailbewertung;unicum.de;56;5,43;39,00 €;https://jobboersencheck.de/jobboersen-vergleich?page=5
https://jobboersencheck.de/jobboersen/stellenwerk-de/detailbewertung;;55;5,16;;https://jobboersencheck.de/jobboersen-vergleich?page=5
https://jobboersencheck.de/jobboersen/dice-de/detailbewertung;de.dice.com;55;4,73;595,00 €699,00 €;https://jobboersencheck.de/jobboersen-vergleich?page=5
https://jobboersencheck.de/jobboersen/oberfrankenjobs-de/detailbewertung;;49;6,00;;https://jobboersencheck.de/jobboersen-vergleich?page=5
https://jobboersencheck.de/jobboersen/webentwickler-jobs-de/detailbewertung;webentwickler-jobs;49;5,65;249,00 €;https://jobboersencheck.de/jobboersen-vergleich?page=5
https://jobboersencheck.de/jobboersen/mittelfrankenjobs-de/detailbewertung;;47;6,28;;https://jobboersencheck.de/jobboersen-vergleich?page=6
https://jobboersencheck.de/jobboersen/interamt-de/detailbewertung;;45;5,53;;https://jobboersencheck.de/jobboersen-vergleich?page=6
https://jobboersencheck.de/jobboersen/agrajo-com/detailbewertung;agrajo;44;5,66;390,00 €;https://jobboersencheck.de/jobboersen-vergleich?page=6
https://jobboersencheck.de/jobboersen/aerzteblatt-de-aerztestellen/detailbewertung;;42;5,07;;https://jobboersencheck.de/jobboersen-vergleich?page=6
https://jobboersencheck.de/jobboersen/karriere-at/detailbewertung;;40;5,80;;https://jobboersencheck.de/jobboersen-vergleich?page=6
https://jobboersencheck.de/jobboersen/ictjob-de/detailbewertung;ictjob;40;5,33;799,00 €;https://jobboersencheck.de/jobboersen-vergleich?page=6
https://jobboersencheck.de/jobboersen/it-treff-de/detailbewertung;it-treff;40;4,65;690,00 €;https://jobboersencheck.de/jobboersen-vergleich?page=6
https://jobboersencheck.de/jobboersen/jobsterne-de/detailbewertung;;35;4,34;;https://jobboersencheck.de/jobboersen-vergleich?page=6
https://jobboersencheck.de/jobboersen/jobpilot-de/detailbewertung;;34;4,15;;https://jobboersencheck.de/jobboersen-vergleich?page=6
https://jobboersencheck.de/jobboersen/job24-de/detailbewertung;;34;3,97;;https://jobboersencheck.de/jobboersen-vergleich?page=6
https://jobboersencheck.de/jobboersen/gruenderszene-de-jobboerse/detailbewertung;gruenderszene.de/jobboerse;33;5,21;199,00 €;https://jobboersencheck.de/jobboersen-vergleich?page=7
https://jobboersencheck.de/jobboersen/softwareentwickler-jobs-de/detailbewertung;softwareentwickler-jobs;31;5,29;249,00 €;https://jobboersencheck.de/jobboersen-vergleich?page=7
https://jobboersencheck.de/jobboersen/stellenmarkt-sueddeutsche-de/detailbewertung;;31;4,61;;https://jobboersencheck.de/jobboersen-vergleich?page=7
https://jobboersencheck.de/jobboersen/jobboerse-com/detailbewertung;;31;4,58;;https://jobboersencheck.de/jobboersen-vergleich?page=7
https://jobboersencheck.de/jobboersen/salesjob-de/detailbewertung;salesjob;30;4,33;900,00 €;https://jobboersencheck.de/jobboersen-vergleich?page=7
https://jobboersencheck.de/jobboersen/jobmensa-de/detailbewertung;;29;4,93;;https://jobboersencheck.de/jobboersen-vergleich?page=7
https://jobboersencheck.de/jobboersen/freelancermap-de/detailbewertung;;29;4,38;;https://jobboersencheck.de/jobboersen-vergleich?page=7
https://jobboersencheck.de/jobboersen/jobsintown-de/detailbewertung;;29;4,31;;https://jobboersencheck.de/jobboersen-vergleich?page=7
https://jobboersencheck.de/jobboersen/kliniken-de/detailbewertung;kliniken;28;4,75;400,00 €;https://jobboersencheck.de/jobboersen-vergleich?page=7
https://jobboersencheck.de/jobboersen/jobverde-de/detailbewertung;jobverde;27;5,96;79,90 €94,00 €;https://jobboersencheck.de/jobboersen-vergleich?page=7
https://jobboersencheck.de/jobboersen/4freelance-de/detailbewertung;;23;5,00;;https://jobboersencheck.de/jobboersen-vergleich?page=8
https://jobboersencheck.de/jobboersen/ihk-lehrstellenboerse-de/detailbewertung;;22;5,32;;https://jobboersencheck.de/jobboersen-vergleich?page=8
https://jobboersencheck.de/jobboersen/berlinstartupjobs-com/detailbewertung;;22;5,18;;https://jobboersencheck.de/jobboersen-vergleich?page=8
https://jobboersencheck.de/jobboersen/careers-stackoverflow-com/detailbewertung;;22;5,18;;https://jobboersencheck.de/jobboersen-vergleich?page=8
https://jobboersencheck.de/jobboersen/fashionunited-de/detailbewertung;;20;5,60;;https://jobboersencheck.de/jobboersen-vergleich?page=8
https://jobboersencheck.de/jobboersen/stellenangebote-de/detailbewertung;;20;5,00;;https://jobboersencheck.de/jobboersen-vergleich?page=8
https://jobboersencheck.de/jobboersen/unterfrankenjobs-de/detailbewertung;;19;6,05;;https://jobboersencheck.de/jobboersen-vergleich?page=8
https://jobboersencheck.de/jobboersen/shopjobs-de/detailbewertung;shopjobs;18;5,50;299,00 €399,00 €;https://jobboersencheck.de/jobboersen-vergleich?page=8
https://jobboersencheck.de/jobboersen/muenchenerjobs-de/detailbewertung;;18;5,17;350,00 €;https://jobboersencheck.de/jobboersen-vergleich?page=8
https://jobboersencheck.de/jobboersen/touristikcareer-de/detailbewertung;touristikcareer;17;5,65;265,00 €;https://jobboersencheck.de/jobboersen-vergleich?page=8
https://jobboersencheck.de/jobboersen/freelance-de/detailbewertung;;17;5,29;;https://jobboersencheck.de/jobboersen-vergleich?page=9
https://jobboersencheck.de/jobboersen/google-com/detailbewertung;;17;5,00;;https://jobboersencheck.de/jobboersen-vergleich?page=9
https://jobboersencheck.de/jobboersen/t5-karriereportal-de/detailbewertung;;17;5,00;;https://jobboersencheck.de/jobboersen-vergleich?page=9
https://jobboersencheck.de/jobboersen/jobboerse-region-aachen-de/detailbewertung;jobboerse-region-aachen;16;5,56;399,00 €480,00 €;https://jobboersencheck.de/jobboersen-vergleich?page=9
https://jobboersencheck.de/jobboersen/hochschuljobboerse-de/detailbewertung;;16;5,31;;https://jobboersencheck.de/jobboersen-vergleich?page=9
https://jobboersencheck.de/jobboersen/azubi-de/detailbewertung;;16;5,25;;https://jobboersencheck.de/jobboersen-vergleich?page=9
https://jobboersencheck.de/jobboersen/backinjob-de/detailbewertung;;16;4,94;;https://jobboersencheck.de/jobboersen-vergleich?page=9
https://jobboersencheck.de/jobboersen/bauingenieur24-de/detailbewertung;;16;4,63;;https://jobboersencheck.de/jobboersen-vergleich?page=9
https://jobboersencheck.de/jobboersen/meinpraktikum-de/detailbewertung;;15;5,27;;https://jobboersencheck.de/jobboersen-vergleich?page=9
https://jobboersencheck.de/jobboersen/gulp-de/detailbewertung;;15;5,33;;https://jobboersencheck.de/jobboersen-vergleich?page=9
https://jobboersencheck.de/jobboersen/efinancialcareers-de/detailbewertung;;15;5,00;;https://jobboersencheck.de/jobboersen-vergleich?page=10
https://jobboersencheck.de/jobboersen/praktikum-info/detailbewertung;;15;5,20;;https://jobboersencheck.de/jobboersen-vergleich?page=10
https://jobboersencheck.de/jobboersen/jobleads-de/detailbewertung;;15;4,33;;https://jobboersencheck.de/jobboersen-vergleich?page=10
https://jobboersencheck.de/jobboersen/finest-jobs-com/detailbewertung;;15;4,53;;https://jobboersencheck.de/jobboersen-vergleich?page=10
https://jobboersencheck.de/jobboersen/jobs-ch/detailbewertung;;14;5,71;;https://jobboersencheck.de/jobboersen-vergleich?page=10
https://jobboersencheck.de/jobboersen/mobilejob-com/detailbewertung;;14;5,93;;https://jobboersencheck.de/jobboersen-vergleich?page=10
https://jobboersencheck.de/jobboersen/mediengestalter-jobs-de/detailbewertung;mediengestalter-jobs;14;5,36;249,00 €;https://jobboersencheck.de/jobboersen-vergleich?page=10
https://jobboersencheck.de/jobboersen/bund-de/detailbewertung;;14;5,00;;https://jobboersencheck.de/jobboersen-vergleich?page=10
https://jobboersencheck.de/jobboersen/wuv-de-stellenmarkt/detailbewertung;;14;4,71;;https://jobboersencheck.de/jobboersen-vergleich?page=10
https://jobboersencheck.de/jobboersen/get-in-it-de/detailbewertung;;14;5,43;;https://jobboersencheck.de/jobboersen-vergleich?page=10
https://jobboersencheck.de/jobboersen/jobs-ulm-de/detailbewertung;;14;5,14;;https://jobboersencheck.de/jobboersen-vergleich?page=11
https://jobboersencheck.de/jobboersen/monster-at/detailbewertung;;14;4,57;;https://jobboersencheck.de/jobboersen-vergleich?page=11
https://jobboersencheck.de/jobboersen/bauwelt-de/detailbewertung;;13;5,15;;https://jobboersencheck.de/jobboersen-vergleich?page=11
https://jobboersencheck.de/jobboersen/aktuelle-jobs-de/detailbewertung;;13;5,00;;https://jobboersencheck.de/jobboersen-vergleich?page=11
https://jobboersencheck.de/jobboersen/administrator-jobs-de/detailbewertung;administrator-jobs;13;5,54;249,00 €;https://jobboersencheck.de/jobboersen-vergleich?page=11
https://jobboersencheck.de/jobboersen/kununu-com/detailbewertung;;13;4,92;;https://jobboersencheck.de/jobboersen-vergleich?page=11
https://jobboersencheck.de/jobboersen/jobs-lebensmittelzeitung-net/detailbewertung;;13;4,54;;https://jobboersencheck.de/jobboersen-vergleich?page=11
https://jobboersencheck.de/jobboersen/ingenieurweb-de/detailbewertung;;13;3,85;620,00 €695,00 €;https://jobboersencheck.de/jobboersen-vergleich?page=11
https://jobboersencheck.de/jobboersen/creativeset-net/detailbewertung;;12;6,50;;https://jobboersencheck.de/jobboersen-vergleich?page=11
https://jobboersencheck.de/jobboersen/augsburgerjobs-de/detailbewertung;;12;5,42;690,00 €;https://jobboersencheck.de/jobboersen-vergleich?page=11
https://jobboersencheck.de/jobboersen/ingenieur24-de/detailbewertung;;12;4,42;;https://jobboersencheck.de/jobboersen-vergleich?page=12
https://jobboersencheck.de/jobboersen/jobboard-deutschland-de/detailbewertung;jobboard-deutschland;12;5,42;199,00 €249,00 €;https://jobboersencheck.de/jobboersen-vergleich?page=12
https://jobboersencheck.de/jobboersen/praktischarzt-de/detailbewertung;praktischArzt;11;5,27;598,00 €;https://jobboersencheck.de/jobboersen-vergleich?page=12
https://jobboersencheck.de/jobboersen/chemie-de-karriere/detailbewertung;;11;4,45;;https://jobboersencheck.de/jobboersen-vergleich?page=12
https://jobboersencheck.de/jobboersen/it-jobs-net/detailbewertung;;11;4,00;;https://jobboersencheck.de/jobboersen-vergleich?page=12
https://jobboersencheck.de/jobboersen/innsalzachjobs-de/detailbewertung;;10;5,50;;https://jobboersencheck.de/jobboersen-vergleich?page=12
https://jobboersencheck.de/jobboersen/heyjobs-de/detailbewertung;;10;5,40;;https://jobboersencheck.de/jobboersen-vergleich?page=12
https://jobboersencheck.de/jobboersen/doccheck-com/detailbewertung;;10;4,70;;https://jobboersencheck.de/jobboersen-vergleich?page=12
https://jobboersencheck.de/jobboersen/campusjaeger-de/detailbewertung;;10;5,10;;https://jobboersencheck.de/jobboersen-vergleich?page=12
https://jobboersencheck.de/jobboersen/sekretaerin-de/detailbewertung;;9;;;https://jobboersencheck.de/jobboersen-vergleich?page=12
https://jobboersencheck.de/jobboersen/jobmedicus-de/detailbewertung;;9;;;https://jobboersencheck.de/jobboersen-vergleich?page=13
https://jobboersencheck.de/jobboersen/jobninja-com/detailbewertung;jobninja;9;;449,00 €499,00 €;https://jobboersencheck.de/jobboersen-vergleich?page=13
https://jobboersencheck.de/jobboersen/careerjobs-de/detailbewertung;careerjobs;9;;720,00 €900,00 €;https://jobboersencheck.de/jobboersen-vergleich?page=13
https://jobboersencheck.de/jobboersen/truffls-de/detailbewertung;;9;;;https://jobboersencheck.de/jobboersen-vergleich?page=13
https://jobboersencheck.de/jobboersen/eejobs-de/detailbewertung;eejobs;9;;98,00 €;https://jobboersencheck.de/jobboersen-vergleich?page=13
https://jobboersencheck.de/jobboersen/dv-treff-de/detailbewertung;dv-treff;9;;890,00 €;https://jobboersencheck.de/jobboersen-vergleich?page=13
https://jobboersencheck.de/jobboersen/akademiker-online-de/detailbewertung;akademiker-online;9;;77,50 €155,00 €;https://jobboersencheck.de/jobboersen-vergleich?page=13
https://jobboersencheck.de/jobboersen/jobs-im-allgaeu-de/detailbewertung;;8;;;https://jobboersencheck.de/jobboersen-vergleich?page=13
https://jobboersencheck.de/jobboersen/therapeutenonline-de/detailbewertung;;8;;;https://jobboersencheck.de/jobboersen-vergleich?page=13
https://jobboersencheck.de/jobboersen/connecticum-de/detailbewertung;;8;;;https://jobboersencheck.de/jobboersen-vergleich?page=13
https://jobboersencheck.de/jobboersen/100000jobs-ch/detailbewertung;;8;;;https://jobboersencheck.de/jobboersen-vergleich?page=14
https://jobboersencheck.de/jobboersen/jobstimme-de/detailbewertung;;8;;;https://jobboersencheck.de/jobboersen-vergleich?page=14
https://jobboersencheck.de/jobboersen/proplanta-de-agrar-stellenmarkt/detailbewertung;;8;;;https://jobboersencheck.de/jobboersen-vergleich?page=14
https://jobboersencheck.de/jobboersen/glassdoor-com/detailbewertung;;8;;;https://jobboersencheck.de/jobboersen-vergleich?page=14
https://jobboersencheck.de/jobboersen/jobs-zeit-de/detailbewertung;;7;;;https://jobboersencheck.de/jobboersen-vergleich?page=14
https://jobboersencheck.de/jobboersen/jobs-augsburger-allgemeine-de/detailbewertung;;7;;;https://jobboersencheck.de/jobboersen-vergleich?page=14
https://jobboersencheck.de/jobboersen/derstandard-at/detailbewertung;;7;;;https://jobboersencheck.de/jobboersen-vergleich?page=14
https://jobboersencheck.de/jobboersen/ostjob-ch/detailbewertung;;7;;;https://jobboersencheck.de/jobboersen-vergleich?page=14
https://jobboersencheck.de/jobboersen/t3n-de/detailbewertung;;7;;;https://jobboersencheck.de/jobboersen-vergleich?page=14
https://jobboersencheck.de/jobboersen/projektwerk-de/detailbewertung;;7;;;https://jobboersencheck.de/jobboersen-vergleich?page=14
https://jobboersencheck.de/jobboersen/ausbildungsheld-de/detailbewertung;;6;;;https://jobboersencheck.de/jobboersen-vergleich?page=15
https://jobboersencheck.de/jobboersen/jobsuma-de/detailbewertung;;6;;;https://jobboersencheck.de/jobboersen-vergleich?page=15
https://jobboersencheck.de/jobboersen/audimax-de/detailbewertung;;6;;;https://jobboersencheck.de/jobboersen-vergleich?page=15
https://jobboersencheck.de/jobboersen/ingenieurjobs-de/detailbewertung;ingenieurjobs;6;;720,00 €900,00 €;https://jobboersencheck.de/jobboersen-vergleich?page=15
https://jobboersencheck.de/jobboersen/jobs-automobilwoche-de/detailbewertung;;6;;;https://jobboersencheck.de/jobboersen-vergleich?page=15
https://jobboersencheck.de/jobboersen/nachhaltigejobs-de/detailbewertung;;6;;;https://jobboersencheck.de/jobboersen-vergleich?page=15
https://jobboersencheck.de/jobboersen/studentjob-de/detailbewertung;;6;;;https://jobboersencheck.de/jobboersen-vergleich?page=15
https://jobboersencheck.de/jobboersen/bankjob-de/detailbewertung;bankjob;6;;399,00 €500,00 €;https://jobboersencheck.de/jobboersen-vergleich?page=15
https://jobboersencheck.de/jobboersen/jobs-im-suedwesten-de/detailbewertung;;6;;;https://jobboersencheck.de/jobboersen-vergleich?page=15
https://jobboersencheck.de/jobboersen/niederbayernjobs-de/detailbewertung;;5;;;https://jobboersencheck.de/jobboersen-vergleich?page=15
https://jobboersencheck.de/jobboersen/autojob-de/detailbewertung;;5;;;https://jobboersencheck.de/jobboersen-vergleich?page=16
https://jobboersencheck.de/jobboersen/azubify-de/detailbewertung;;5;;;https://jobboersencheck.de/jobboersen-vergleich?page=16
https://jobboersencheck.de/jobboersen/pressesprecher-com/detailbewertung;;5;;;https://jobboersencheck.de/jobboersen-vergleich?page=16
https://jobboersencheck.de/jobboersen/thaff-thueringen-de/detailbewertung;;5;;;https://jobboersencheck.de/jobboersen-vergleich?page=16
https://jobboersencheck.de/jobboersen/berufe-sh-de/detailbewertung;;5;;;https://jobboersencheck.de/jobboersen-vergleich?page=16
https://jobboersencheck.de/jobboersen/ausbildungsstellen-de/detailbewertung;;5;;;https://jobboersencheck.de/jobboersen-vergleich?page=16
https://jobboersencheck.de/jobboersen/itsteps-de/detailbewertung;;5;;;https://jobboersencheck.de/jobboersen-vergleich?page=16
https://jobboersencheck.de/jobboersen/adzuna-de/detailbewertung;;5;;;https://jobboersencheck.de/jobboersen-vergleich?page=16
https://jobboersencheck.de/jobboersen/rheinneckarjobs-de/detailbewertung;;5;;;https://jobboersencheck.de/jobboersen-vergleich?page=16
https://jobboersencheck.de/jobboersen/squeaker-net/detailbewertung;;4;;;https://jobboersencheck.de/jobboersen-vergleich?page=16
https://jobboersencheck.de/jobboersen/oberland-jobs-de/detailbewertung;;4;;149,00 €;https://jobboersencheck.de/jobboersen-vergleich?page=17
https://jobboersencheck.de/jobboersen/logistic-people-de/detailbewertung;logistic-people;4;;;https://jobboersencheck.de/jobboersen-vergleich?page=17
https://jobboersencheck.de/jobboersen/goodjobs-eu/detailbewertung;;4;;;https://jobboersencheck.de/jobboersen-vergleich?page=17
https://jobboersencheck.de/jobboersen/aircareer-de/detailbewertung;;4;;;https://jobboersencheck.de/jobboersen-vergleich?page=17
https://jobboersencheck.de/jobboersen/regioaljobs-de/detailbewertung;;4;;;https://jobboersencheck.de/jobboersen-vergleich?page=17
https://jobboersencheck.de/jobboersen/wila-arbeitsmarkt-de/detailbewertung;;4;;;https://jobboersencheck.de/jobboersen-vergleich?page=17
https://jobboersencheck.de/jobboersen/berliner-jobanzeiger-de/detailbewertung;;4;;;https://jobboersencheck.de/jobboersen-vergleich?page=17
https://jobboersencheck.de/jobboersen/iz-jobs-de/detailbewertung;;4;;;https://jobboersencheck.de/jobboersen-vergleich?page=17
https://jobboersencheck.de/jobboersen/promotionbasis-de/detailbewertung;;4;;;https://jobboersencheck.de/jobboersen-vergleich?page=17
https://jobboersencheck.de/jobboersen/localjob-de/detailbewertung;;4;;;https://jobboersencheck.de/jobboersen-vergleich?page=17
https://jobboersencheck.de/jobboersen/beck-stellenmarkt-de/detailbewertung;;4;;;https://jobboersencheck.de/jobboersen-vergleich?page=18
https://jobboersencheck.de/jobboersen/ruhrgebietjobs-de/detailbewertung;;4;;;https://jobboersencheck.de/jobboersen-vergleich?page=18
https://jobboersencheck.de/jobboersen/karriere-ihk-de/detailbewertung;;4;;;https://jobboersencheck.de/jobboersen-vergleich?page=18
https://jobboersencheck.de/jobboersen/kita-stellenmarkt-de/detailbewertung;;4;;;https://jobboersencheck.de/jobboersen-vergleich?page=18
https://jobboersencheck.de/jobboersen/karrero-com/detailbewertung;;4;;;https://jobboersencheck.de/jobboersen-vergleich?page=18
https://jobboersencheck.de/jobboersen/jobrapido-com/detailbewertung;;4;;;https://jobboersencheck.de/jobboersen-vergleich?page=18
https://jobboersencheck.de/jobboersen/indeed-ch/detailbewertung;;4;;;https://jobboersencheck.de/jobboersen-vergleich?page=18
https://jobboersencheck.de/jobboersen/oberpfalzjobs-de/detailbewertung;;4;;;https://jobboersencheck.de/jobboersen-vergleich?page=18
https://jobboersencheck.de/jobboersen/hr-jobboerse-de/detailbewertung;;4;;;https://jobboersencheck.de/jobboersen-vergleich?page=18
https://jobboersencheck.de/jobboersen/logistik-jobs-de/detailbewertung;;4;;;https://jobboersencheck.de/jobboersen-vergleich?page=18
https://jobboersencheck.de/jobboersen/jobfinder-de/detailbewertung;;4;;;https://jobboersencheck.de/jobboersen-vergleich?page=19
https://jobboersencheck.de/jobboersen/bayerische-staatszeitung-de/detailbewertung;;3;;;https://jobboersencheck.de/jobboersen-vergleich?page=19
https://jobboersencheck.de/jobboersen/tbd-community/detailbewertung;;3;;;https://jobboersencheck.de/jobboersen-vergleich?page=19
https://jobboersencheck.de/jobboersen/talentrocket-de/detailbewertung;;3;;;https://jobboersencheck.de/jobboersen-vergleich?page=19
https://jobboersencheck.de/jobboersen/naturejobs-com/detailbewertung;;3;;;https://jobboersencheck.de/jobboersen-vergleich?page=19
https://jobboersencheck.de/jobboersen/ngojobs-de/detailbewertung;;3;;;https://jobboersencheck.de/jobboersen-vergleich?page=19
https://jobboersencheck.de/jobboersen/e-fellows-net/detailbewertung;e-fellows.net;3;;500,00 €;https://jobboersencheck.de/jobboersen-vergleich?page=19
https://jobboersencheck.de/jobboersen/researchgate-net/detailbewertung;;3;;;https://jobboersencheck.de/jobboersen-vergleich?page=19
https://jobboersencheck.de/jobboersen/newsroom-de/detailbewertung;;3;;;https://jobboersencheck.de/jobboersen-vergleich?page=19
https://jobboersencheck.de/jobboersen/german-architects-com/detailbewertung;;3;;;https://jobboersencheck.de/jobboersen-vergleich?page=19
https://jobboersencheck.de/jobboersen/jobmorgen-de/detailbewertung;;3;;;https://jobboersencheck.de/jobboersen-vergleich?page=20
https://jobboersencheck.de/jobboersen/fachaerztejobs-de/detailbewertung;fachaerztejobs;3;;720,00 €900,00 €;https://jobboersencheck.de/jobboersen-vergleich?page=20
https://jobboersencheck.de/jobboersen/jobdental-de/detailbewertung;jobdental;3;;109,00 €;https://jobboersencheck.de/jobboersen-vergleich?page=20
https://jobboersencheck.de/jobboersen/ingolstadtjobs-de/detailbewertung;;3;;290,00 €;https://jobboersencheck.de/jobboersen-vergleich?page=20
https://jobboersencheck.de/jobboersen/jobsuche-regional-com/detailbewertung;;3;;;https://jobboersencheck.de/jobboersen-vergleich?page=20
https://jobboersencheck.de/jobboersen/health-job-net/detailbewertung;health-job;3;;450,00 €510,00 €;https://jobboersencheck.de/jobboersen-vergleich?page=20
https://jobboersencheck.de/jobboersen/stellenportal-de/detailbewertung;;3;;;https://jobboersencheck.de/jobboersen-vergleich?page=20
https://jobboersencheck.de/jobboersen/ingenieur-career/detailbewertung;ingenieur.career;3;;490,00 €;https://jobboersencheck.de/jobboersen-vergleich?page=20
https://jobboersencheck.de/jobboersen/wikway-de/detailbewertung;;3;;;https://jobboersencheck.de/jobboersen-vergleich?page=20
https://jobboersencheck.de/jobboersen/vertriebsjobs-de/detailbewertung;;3;;;https://jobboersencheck.de/jobboersen-vergleich?page=20
https://jobboersencheck.de/jobboersen/lzjobs-de/detailbewertung;;3;;;https://jobboersencheck.de/jobboersen-vergleich?page=21
https://jobboersencheck.de/jobboersen/hotelhead-de/detailbewertung;;3;;;https://jobboersencheck.de/jobboersen-vergleich?page=21
https://jobboersencheck.de/jobboersen/kanzlei-job-de/detailbewertung;kanzlei-job;2;;159,00 €;https://jobboersencheck.de/jobboersen-vergleich?page=21
https://jobboersencheck.de/jobboersen/mintsax-de/detailbewertung;;2;;;https://jobboersencheck.de/jobboersen-vergleich?page=21
https://jobboersencheck.de/jobboersen/jobspeedy-de/detailbewertung;;2;;;https://jobboersencheck.de/jobboersen-vergleich?page=21
https://jobboersencheck.de/jobboersen/energycareer-net/detailbewertung;;2;;;https://jobboersencheck.de/jobboersen-vergleich?page=21
https://jobboersencheck.de/jobboersen/wirtschaftsjobs-de/detailbewertung;wirtschaftsjobs;2;;720,00 €900,00 €;https://jobboersencheck.de/jobboersen-vergleich?page=21
https://jobboersencheck.de/jobboersen/rollingpin-com/detailbewertung;;2;;;https://jobboersencheck.de/jobboersen-vergleich?page=21
https://jobboersencheck.de/jobboersen/jobkurier-de/detailbewertung;;2;;;https://jobboersencheck.de/jobboersen-vergleich?page=21
https://jobboersencheck.de/jobboersen/games-career-com/detailbewertung;;2;;;https://jobboersencheck.de/jobboersen-vergleich?page=21
https://jobboersencheck.de/jobboersen/karriere-de/detailbewertung;;2;;;https://jobboersencheck.de/jobboersen-vergleich?page=22
https://jobboersencheck.de/jobboersen/europelanguagejobs-com/detailbewertung;;2;;;https://jobboersencheck.de/jobboersen-vergleich?page=22
https://jobboersencheck.de/jobboersen/regensburgjobs-de/detailbewertung;;2;;290,00 €;https://jobboersencheck.de/jobboersen-vergleich?page=22
https://jobboersencheck.de/jobboersen/radioszene-de/detailbewertung;;2;;;https://jobboersencheck.de/jobboersen-vergleich?page=22
https://jobboersencheck.de/jobboersen/cesar-de/detailbewertung;;2;;;https://jobboersencheck.de/jobboersen-vergleich?page=22
https://jobboersencheck.de/jobboersen/hogastjob-com/detailbewertung;;2;;;https://jobboersencheck.de/jobboersen-vergleich?page=22
https://jobboersencheck.de/jobboersen/jobagent-ch/detailbewertung;;2;;;https://jobboersencheck.de/jobboersen-vergleich?page=22
https://jobboersencheck.de/jobboersen/trainee-de/detailbewertung;;2;;;https://jobboersencheck.de/jobboersen-vergleich?page=22
https://jobboersencheck.de/jobboersen/stellenmarkt-stuttgarter-zeitung-de/detailbewertung;;2;;;https://jobboersencheck.de/jobboersen-vergleich?page=22
https://jobboersencheck.de/jobboersen/krankenschwesterjobs-de/detailbewertung;krankenschwesterjobs;2;;720,00 €900,00 €;https://jobboersencheck.de/jobboersen-vergleich?page=22
https://jobboersencheck.de/jobboersen/hotellerie-career/detailbewertung;;2;;;https://jobboersencheck.de/jobboersen-vergleich?page=23
https://jobboersencheck.de/jobboersen/analytik-news-de-jobs/detailbewertung;;2;;;https://jobboersencheck.de/jobboersen-vergleich?page=23
https://jobboersencheck.de/jobboersen/gehalt-de/detailbewertung;;2;;;https://jobboersencheck.de/jobboersen-vergleich?page=23
https://jobboersencheck.de/jobboersen/steirerjobs-at/detailbewertung;;2;;;https://jobboersencheck.de/jobboersen-vergleich?page=23
https://jobboersencheck.de/jobboersen/bau-career/detailbewertung;;2;;;https://jobboersencheck.de/jobboersen-vergleich?page=23
https://jobboersencheck.de/jobboersen/designmadeingermany-de/detailbewertung;;2;;;https://jobboersencheck.de/jobboersen-vergleich?page=23
https://jobboersencheck.de/jobboersen/access-de/detailbewertung;;2;;;https://jobboersencheck.de/jobboersen-vergleich?page=23
https://jobboersencheck.de/jobboersen/karriereaktiv-de/detailbewertung;;2;;;https://jobboersencheck.de/jobboersen-vergleich?page=23
https://jobboersencheck.de/jobboersen/ahgz-de/detailbewertung;;2;;;https://jobboersencheck.de/jobboersen-vergleich?page=23
https://jobboersencheck.de/jobboersen/jobfinder-hessen-de/detailbewertung;;2;;;https://jobboersencheck.de/jobboersen-vergleich?page=23
https://jobboersencheck.de/jobboersen/springermedizin-de/detailbewertung;;2;;;https://jobboersencheck.de/jobboersen-vergleich?page=24
https://jobboersencheck.de/jobboersen/freelancer-de/detailbewertung;;2;;;https://jobboersencheck.de/jobboersen-vergleich?page=24
https://jobboersencheck.de/jobboersen/instaffo-com/detailbewertung;;2;;;https://jobboersencheck.de/jobboersen-vergleich?page=24
https://jobboersencheck.de/jobboersen/hocaboo-com/detailbewertung;;2;;;https://jobboersencheck.de/jobboersen-vergleich?page=24
https://jobboersencheck.de/jobboersen/google-for-jobs-com/detailbewertung;;2;;;https://jobboersencheck.de/jobboersen-vergleich?page=24
https://jobboersencheck.de/jobboersen/ams-at/detailbewertung;;2;;;https://jobboersencheck.de/jobboersen-vergleich?page=24
https://jobboersencheck.de/jobboersen/medizinjob-net/detailbewertung;;2;;;https://jobboersencheck.de/jobboersen-vergleich?page=24
https://jobboersencheck.de/jobboersen/textilwirtschaft-de/detailbewertung;;2;;;https://jobboersencheck.de/jobboersen-vergleich?page=24
https://jobboersencheck.de/jobboersen/jobs-eingliederungshilfe-de/detailbewertung;jobs-eingliederungshilfe;1;;400,00 €;https://jobboersencheck.de/jobboersen-vergleich?page=24
https://jobboersencheck.de/jobboersen/mvjob-de/detailbewertung;;1;;;https://jobboersencheck.de/jobboersen-vergleich?page=24
https://jobboersencheck.de/jobboersen/medizinerkarriere-de/detailbewertung;medizinerkarriere;1;;249,00 €;https://jobboersencheck.de/jobboersen-vergleich?page=25
https://jobboersencheck.de/jobboersen/goodimpact-org/detailbewertung;;1;;;https://jobboersencheck.de/jobboersen-vergleich?page=25
https://jobboersencheck.de/jobboersen/metajob-at/detailbewertung;;1;;;https://jobboersencheck.de/jobboersen-vergleich?page=25
https://jobboersencheck.de/jobboersen/java-jobs-ch/detailbewertung;;1;;;https://jobboersencheck.de/jobboersen-vergleich?page=25
https://jobboersencheck.de/jobboersen/schuelerjobs-de/detailbewertung;;1;;;https://jobboersencheck.de/jobboersen-vergleich?page=25
https://jobboersencheck.de/jobboersen/techjobs-de/detailbewertung;techjobs;1;;720,00 €900,00 €;https://jobboersencheck.de/jobboersen-vergleich?page=25
https://jobboersencheck.de/jobboersen/kita-jobs-com/detailbewertung;;1;;;https://jobboersencheck.de/jobboersen-vergleich?page=25
https://jobboersencheck.de/jobboersen/zahnjob-de/detailbewertung;;1;;;https://jobboersencheck.de/jobboersen-vergleich?page=25
https://jobboersencheck.de/jobboersen/ausbildungsscout-kontanz-de/detailbewertung;;1;;;https://jobboersencheck.de/jobboersen-vergleich?page=25
https://jobboersencheck.de/jobboersen/moberries-com/detailbewertung;;1;;;https://jobboersencheck.de/jobboersen-vergleich?page=25
https://jobboersencheck.de/jobboersen/waidler-jobs/detailbewertung;;1;;;https://jobboersencheck.de/jobboersen-vergleich?page=26
https://jobboersencheck.de/jobboersen/rechnerphotovoltaik-de-jobboerse/detailbewertung;;1;;;https://jobboersencheck.de/jobboersen-vergleich?page=26
https://jobboersencheck.de/jobboersen/bayregio-de/detailbewertung;;1;;;https://jobboersencheck.de/jobboersen-vergleich?page=26
https://jobboersencheck.de/jobboersen/jobfinder-thueringen-de/detailbewertung;;1;;;https://jobboersencheck.de/jobboersen-vergleich?page=26
https://jobboersencheck.de/jobboersen/dwa-de-jobs/detailbewertung;;1;;;https://jobboersencheck.de/jobboersen-vergleich?page=26
https://jobboersencheck.de/jobboersen/job-treff-de/detailbewertung;;1;;;https://jobboersencheck.de/jobboersen-vergleich?page=26
https://jobboersencheck.de/jobboersen/alphajump-de/detailbewertung;;1;;;https://jobboersencheck.de/jobboersen-vergleich?page=26
https://jobboersencheck.de/jobboersen/msambition-com/detailbewertung;;1;;;https://jobboersencheck.de/jobboersen-vergleich?page=26
https://jobboersencheck.de/jobboersen/joblift-de/detailbewertung;;1;;;https://jobboersencheck.de/jobboersen-vergleich?page=26
https://jobboersencheck.de/jobboersen/jobs-sh/detailbewertung;;1;;;https://jobboersencheck.de/jobboersen-vergleich?page=26
https://jobboersencheck.de/jobboersen/regionalbjobs-at/detailbewertung;;1;;;https://jobboersencheck.de/jobboersen-vergleich?page=27
https://jobboersencheck.de/jobboersen/jobpushy-de/detailbewertung;;1;;;https://jobboersencheck.de/jobboersen-vergleich?page=27
https://jobboersencheck.de/jobboersen/waidlajobs-de/detailbewertung;;1;;;https://jobboersencheck.de/jobboersen-vergleich?page=27
https://jobboersencheck.de/jobboersen/ngojobs-at/detailbewertung;;1;;;https://jobboersencheck.de/jobboersen-vergleich?page=27
https://jobboersencheck.de/jobboersen/gamesjobsdirect-com/detailbewertung;;1;;;https://jobboersencheck.de/jobboersen-vergleich?page=27
https://jobboersencheck.de/jobboersen/minijob-de/detailbewertung;;1;;;https://jobboersencheck.de/jobboersen-vergleich?page=27
https://jobboersencheck.de/jobboersen/competitionline-com/detailbewertung;;1;;;https://jobboersencheck.de/jobboersen-vergleich?page=27
https://jobboersencheck.de/jobboersen/pr-journal-de/detailbewertung;;1;;;https://jobboersencheck.de/jobboersen-vergleich?page=27
https://jobboersencheck.de/jobboersen/jobcafe-de/detailbewertung;;1;;;https://jobboersencheck.de/jobboersen-vergleich?page=27
https://jobboersencheck.de/jobboersen/stellenmarkt-haufe-de/detailbewertung;;1;;;https://jobboersencheck.de/jobboersen-vergleich?page=27
https://jobboersencheck.de/jobboersen/jobs-schwaebische-de/detailbewertung;;1;;;https://jobboersencheck.de/jobboersen-vergleich?page=28
https://jobboersencheck.de/jobboersen/jobs-nordbayern-de/detailbewertung;;1;;;https://jobboersencheck.de/jobboersen-vergleich?page=28
https://jobboersencheck.de/jobboersen/politjobs-de/detailbewertung;;1;;;https://jobboersencheck.de/jobboersen-vergleich?page=28
https://jobboersencheck.de/jobboersen/jobscout-ravensburg-de/detailbewertung;;1;;;https://jobboersencheck.de/jobboersen-vergleich?page=28
https://jobboersencheck.de/jobboersen/mediabiz-de/detailbewertung;;1;;;https://jobboersencheck.de/jobboersen-vergleich?page=28
https://jobboersencheck.de/jobboersen/fremdsprachen-jobs-de/detailbewertung;;1;;;https://jobboersencheck.de/jobboersen-vergleich?page=28
https://jobboersencheck.de/jobboersen/toplanguagejobs-de/detailbewertung;;1;;;https://jobboersencheck.de/jobboersen-vergleich?page=28
https://jobboersencheck.de/jobboersen/medizin-career/detailbewertung;;1;;;https://jobboersencheck.de/jobboersen-vergleich?page=28
https://jobboersencheck.de/jobboersen/vertrieb-career/detailbewertung;;1;;;https://jobboersencheck.de/jobboersen-vergleich?page=28
https://jobboersencheck.de/jobboersen/reverse-recruiting-net/detailbewertung;;1;;;https://jobboersencheck.de/jobboersen-vergleich?page=28
https://jobboersencheck.de/jobboersen/dptv-de/detailbewertung;;1;;;https://jobboersencheck.de/jobboersen-vergleich?page=29
https://jobboersencheck.de/jobboersen/bionity-com-karriere/detailbewertung;;1;;;https://jobboersencheck.de/jobboersen-vergleich?page=29
https://jobboersencheck.de/jobboersen/joinvision-com/detailbewertung;;1;;;https://jobboersencheck.de/jobboersen-vergleich?page=29
https://jobboersencheck.de/jobboersen/jobhamster-de/detailbewertung;;1;;;https://jobboersencheck.de/jobboersen-vergleich?page=29
https://jobboersencheck.de/jobboersen/sinojobs-com/detailbewertung;;1;;117,30 €138,00 €;https://jobboersencheck.de/jobboersen-vergleich?page=29
https://jobboersencheck.de/jobboersen/lawjob-de/detailbewertung;;1;;;https://jobboersencheck.de/jobboersen-vergleich?page=29
https://jobboersencheck.de/jobboersen/acquisa-de/detailbewertung;;1;;;https://jobboersencheck.de/jobboersen-vergleich?page=29
https://jobboersencheck.de/jobboersen/talents4good-org/detailbewertung;;1;;;https://jobboersencheck.de/jobboersen-vergleich?page=29
https://jobboersencheck.de/jobboersen/careerloft-de/detailbewertung;;1;;;https://jobboersencheck.de/jobboersen-vergleich?page=29
https://jobboersencheck.de/jobboersen/jobino-de/detailbewertung;;1;;;https://jobboersencheck.de/jobboersen-vergleich?page=29
https://jobboersencheck.de/jobboersen/theapolis-de/detailbewertung;;1;;;https://jobboersencheck.de/jobboersen-vergleich?page=30
https://jobboersencheck.de/jobboersen/wegweiser-aktuell-de-jobs/detailbewertung;;1;;;https://jobboersencheck.de/jobboersen-vergleich?page=30
https://jobboersencheck.de/jobboersen/jobworld-de/detailbewertung;;1;;;https://jobboersencheck.de/jobboersen-vergleich?page=30
https://jobboersencheck.de/jobboersen/bglandjobs-de/detailbewertung;;1;;;https://jobboersencheck.de/jobboersen-vergleich?page=30
https://jobboersencheck.de/jobboersen/youngcapital-de/detailbewertung;;1;;;https://jobboersencheck.de/jobboersen-vergleich?page=30
https://jobboersencheck.de/jobboersen/job-room-ch/detailbewertung;;1;;;https://jobboersencheck.de/jobboersen-vergleich?page=30
https://jobboersencheck.de/jobboersen/architekten-jobs-com/detailbewertung;;1;;;https://jobboersencheck.de/jobboersen-vergleich?page=30
https://jobboersencheck.de/jobboersen/gastronomie-career/detailbewertung;;1;;;https://jobboersencheck.de/jobboersen-vergleich?page=30
https://jobboersencheck.de/jobboersen/gelegenheitsjobs-de/detailbewertung;;1;;;https://jobboersencheck.de/jobboersen-vergleich?page=30
https://jobboersencheck.de/jobboersen/beautyjobagent-de/detailbewertung;;1;;;https://jobboersencheck.de/jobboersen-vergleich?page=30
https://jobboersencheck.de/jobboersen/get-in-engineering-de/detailbewertung;;1;;;https://jobboersencheck.de/jobboersen-vergleich?page=31
https://jobboersencheck.de/jobboersen/ingenieurcenter-de/detailbewertung;;1;;;https://jobboersencheck.de/jobboersen-vergleich?page=31
https://jobboersencheck.de/jobboersen/nrw-jobs-de/detailbewertung;;1;;;https://jobboersencheck.de/jobboersen-vergleich?page=31
https://jobboersencheck.de/jobboersen/pharmajobs-com/detailbewertung;pharmajobs;1;;399,00 €485,00 €;https://jobboersencheck.de/jobboersen-vergleich?page=31
https://jobboersencheck.de/jobboersen/techniker-forum-de/detailbewertung;techniker-forum;1;;126,65 €149,00 €;https://jobboersencheck.de/jobboersen-vergleich?page=31
https://jobboersencheck.de/jobboersen/willhaben-at/detailbewertung;;1;;;https://jobboersencheck.de/jobboersen-vergleich?page=31
https://jobboersencheck.de/jobboersen/deutsches-pflegeportal-de/detailbewertung;;1;;;https://jobboersencheck.de/jobboersen-vergleich?page=31
https://jobboersencheck.de/jobboersen/futureplan-de/detailbewertung;;1;;;https://jobboersencheck.de/jobboersen-vergleich?page=31
https://jobboersencheck.de/jobboersen/jobfox-co/detailbewertung;;1;;;https://jobboersencheck.de/jobboersen-vergleich?page=31
https://jobboersencheck.de/jobboersen/ec-europa-eu-eures/detailbewertung;;1;;;https://jobboersencheck.de/jobboersen-vergleich?page=31
https://jobboersencheck.de/jobboersen/odeki-de/detailbewertung;odeki;1;;649,00 €;https://jobboersencheck.de/jobboersen-vergleich?page=32
https://jobboersencheck.de/jobboersen/kulturmanagement-net/detailbewertung;;1;;;https://jobboersencheck.de/jobboersen-vergleich?page=32
https://jobboersencheck.de/jobboersen/logjobs-de/detailbewertung;;1;;;https://jobboersencheck.de/jobboersen-vergleich?page=32
https://jobboersencheck.de/jobboersen/mut-job-de/detailbewertung;mut-job;0;;441,00 €490,00 €;https://jobboersencheck.de/jobboersen-vergleich?page=32
https://jobboersencheck.de/jobboersen/green-energy-jobs-net/detailbewertung;green-energy-jobs;0;;369,00 €435,00 €;https://jobboersencheck.de/jobboersen-vergleich?page=32
https://jobboersencheck.de/jobboersen/test-jobboerse-de/detailbewertung;;0;;;https://jobboersencheck.de/jobboersen-vergleich?page=32
https://jobboersencheck.de/jobboersen/jobclipr-com/detailbewertung;jobclipr;0;;;https://jobboersencheck.de/jobboersen-vergleich?page=32
https://jobboersencheck.de/jobboersen/appentwickler-jobs-de/detailbewertung;appentwickler-jobs;0;;249,00 €;https://jobboersencheck.de/jobboersen-vergleich?page=32
https://jobboersencheck.de/jobboersen/chefjobs-de/detailbewertung;chefjobs;0;;720,00 €900,00 €;https://jobboersencheck.de/jobboersen-vergleich?page=32
https://jobboersencheck.de/jobboersen/juristenjobs-de/detailbewertung;juristenjobs;0;;720,00 €900,00 €;https://jobboersencheck.de/jobboersen-vergleich?page=32
https://jobboersencheck.de/jobboersen/paedagogikstellen-de/detailbewertung;paedagogikstellen;0;;720,00 €900,00 €;https://jobboersencheck.de/jobboersen-vergleich?page=33
https://jobboersencheck.de/jobboersen/vertrieblerjobs-de/detailbewertung;vertrieblerjobs;0;;720,00 €900,00 €;https://jobboersencheck.de/jobboersen-vergleich?page=33
https://jobboersencheck.de/jobboersen/jobroller-de/detailbewertung;jobroller;0;;349,00 €;https://jobboersencheck.de/jobboersen-vergleich?page=33
https://jobboersencheck.de/jobboersen/dienstzeitende-de/detailbewertung;dienstzeitende;0;;10,00 €50,00 €;https://jobboersencheck.de/jobboersen-vergleich?page=33
https://jobboersencheck.de/jobboersen/jobboerse-24-com/detailbewertung;jobboerse-24.com;0;;149,00 €199,00 €;https://jobboersencheck.de/jobboersen-vergleich?page=33
